<?xml version="1.0" encoding="UTF-8"?>
<beans xmlns="http://www.springframework.org/schema/beans"
	xmlns:xsi="http://www.w3.org/2001/XMLSchema-instance" xmlns:aop="http://www.springframework.org/schema/aop"
	xmlns:context="http://www.springframework.org/schema/context" xmlns:tx="http://www.springframework.org/schema/tx"
	xmlns:util="http://www.springframework.org/schema/util"
	xsi:schemaLocation="http://www.springframework.org/schema/beans http://www.springframework.org/schema/beans/spring-beans.xsd
		http://www.springframework.org/schema/aop http://www.springframework.org/schema/aop/spring-aop.xsd
		http://www.springframework.org/schema/context http://www.springframework.org/schema/context/spring-context.xsd
		http://www.springframework.org/schema/tx http://www.springframework.org/schema/tx/spring-tx.xsd
		http://www.springframework.org/schema/util http://www.springframework.org/schema/util/spring-util.xsd">

	<context:annotation-config />
	
	<context:component-scan base-package="GestionScolaire" />
	
	<context:property-placeholder location="classpath:sgbd.properties" />
	
	<tx:annotation-driven transaction-manager="transactionManager" />

	<bean id="dataSource" class="org.apache.commons.dbcp2.BasicDataSource">
		<property name="driverClassName" value="${db.driver}" />
		<property name="url" value="${db.url}" />
		<property name="username" value="${db.user}" />
		<property name="password" value="${db.password}" />
		<property name="initialSize" value="${db.initialPoolSize}" />
		<property name="minIdle" value="${db.minPoolSize}" />
		<property name="maxTotal" value="${db.maxPoolSize}" />
	</bean>

	<bean id="entityManagerFactory"
		class="org.springframework.orm.jpa.LocalContainerEntityManagerFactoryBean">
		<property name="dataSource" ref="dataSource" />
		<property name="packagesToScan" value="GestionScolaire.metier.model" />
		<property name="jpaVendorAdapter">
			<bean class="org.springframework.orm.jpa.vendor.HibernateJpaVendorAdapter">
				<property name="databasePlatform" value="${db.hibernate.dialect}" />
				<property name="showSql" value="true" />
				<property name="generateDdl" value="true" />
			</bean>
		</property>
	</bean>

	<bean id="transactionManager" class="org.springframework.orm.jpa.JpaTransactionManager">
		<property name="entityManagerFactory" ref="entityManagerFactory" />
	</bean>
	
	<!-- Hibernate configuration -->
	
<!-- 	<bean id="sessionFactory" -->
<!-- 		class="org.springframework.orm.hibernate4.LocalSessionFactoryBean"> -->
<!-- 		<property name="dataSource" ref="dataSource" /> -->
<!-- 		<property name="packagesToScan" value="tp" /> -->
<!-- 		<property name="hibernateProperties"> -->
<!-- 			<props> -->
<!-- 				<prop key="hibernate.dialect">org.hibernate.dialect.PostgreSQLDialect</prop> -->
<!-- 				<prop key="hibernate.hbm2ddl.auto">update</prop> -->
<!-- 				<prop key="hibernate.show_sql">true</prop> -->
<!-- 			</props> -->
<!-- 		</property> -->
<!-- 	</bean> -->

<!-- 	<bean id="transactionManager" class="org.springframework.orm.hibernate4.HibernateTransactionManager"> -->
<!-- 		<property name="sessionFactory" ref="sessionFactory" /> -->
<!-- 	</bean> -->

</beans>
